tweet;label
@AnisaFbrn6 @nasyahta_a @aeribase RIZKY BILLAR GUNDULMU;pro
Nama Baik Kini Tercoreng, Kubu Rizky Billar Minta Perlindungan ke Presiden #RizkyBillar  https://t.co/pWSxRnwBEh &amp;kontra
RIZKY BILLAR, I WISH YOU ROT IN HELL;pro
Buset! Rizky Billar Like Video Mesum di Twitter - SuaraFresh  https://t.co/HwqzfUfUE2;kontra
Kabar Terbaru Lesti dan Rizky Billar, Keberadaan Penjaga Rumah Leslar yang Seharusnya Jadi Saksi   #Lesti #RizkyBillar #LeslarLovers #Leslar #LestiKejora   https://t.co/IcwuogdFEI lewat @tribunkaltim;pro
Rizky billar nih awikwok banget;pro
Rizky Billar Dituding Punya Anak Cewek, Terbongkar Fakta Sebenarnya!  https://t.co/Wy2dHpOpks  https://t.co/cC12vqGNV2;pro
Tanggapan Keluarga soal Rizky Billar Dicekal KPI  https://t.co/b4cJGib8MX;pro
Ayu Thalia Ngakak Disebut Selingkuhan Rizky Billar Karena Pamer Foto Bareng: Salah Sasaran   https://t.co/YByi8JyOTI;kontra
Pemanggilan kedua untuk pemeriksaan terhadap Rizky Billar sudah dijadwalkan pada 13 Oktober 2022.  https://t.co/rryVeHvbRV;pro
@tanyakanrl Gak sih. Yg penting ga melewati privasinya (?) aku ngecek sebates pgen tau apkh dia ad indikasi masuk komunitas rizkybillar lovers atau nggk;pro
Kasus KDRT Lesti, Polisi Layangkan Panggilan Kedua Rizky Billar #NewsRCTIPlus @RCTIPlus  https://t.co/ClfB5CUfTu;pro
Ayu Thalia Ngakak Disebut Selingkuhan Rizky Billar karena Pamer Foto Bareng: Salah Sasaran #NewsRCTIPlus @RCTIPlus  https://t.co/m6V7V2sNhJ;kontra
@Askrlfess Rizky Billar, siap2 diatap rumah lo ada banaspati kiriman dari gue karna lo ga tau diri dan benalu, ANJING!!!;pro
@convomfs rizky billar ini memang cocok jdi badut pala gede alias omongan doang gede bgst;pro
"ibu gue tbtb nanya ""dek rizky billar meninggal?"" berita tiktok dipercayaðŸ˜­";kontra
Video CCTV Rizky Billar Ngamuk Lempar Biliar ke Lesti Terungkap, Skakmat...  https://t.co/EUrpnhOPs3;pro
"#RizkyBillar #LestyKejora #AyuThalia |  ""Ada beredar di Instagram kan diduga berselingkuh. Ada wanita yang diduga selingkuhannya, katanya,"" ucap Raffi.   https://t.co/nu8d7rRH8J";pro
Rizky Billar Pernah Mengontrak di Apartemennya, Iis Dahlia Tak Menyangka Bisa KDRT  https://t.co/Hn2QTPYu0W #KDRT #LestiKejora #PasanganSelebritis #RizkyBillar;pro
"Tonton ""Rizky Billar Enggan Minta Maaf"" di YouTube  https://t.co/55h0RxvOLq";kontra
Penjaga rumah kediaman Lesti Kejora dan Rizky Billar, masih belum hadir hingga malam hari, pasca-pol #berita #gosip  https://t.co/1ISjaljIPz;kontra
@Ploctter rizky billar;kontra
Dugaan Perselingkuhan Jadi Motif Rizky Billar KDRT Lesti Kejora, Polisi: Masih Kita Dalami #NewsRCTIPlus @RCTIPlus  https://t.co/6kdskCDuDX;kontra
Rizky Billar Dibela Ayah Angkat Habis-habisan, Idzhar Wilendra Bilang Begini #NewsRCTIPlus @RCTIPlus  https://t.co/KczSlQ0WYO;pro
Ayah Angkat Rizky Billar Buka Suara Soal Viral Cicilan dan Kapal Pesiar Mewah #NewsRCTIPlus @RCTIPlus  https://t.co/KA4uKToic7;kotra
Video CCTV Rizky Billar Ngamuk Lempar Biliar ke Lesti Terungkap,Â Skakmatâ€¦  https://t.co/syLiqKH3sz;kontra
Sempat Janji Lindungi Lesti Kejora, Ayah Angkat Rizky Billar Kini Bersikap Sebaliknya   #Sindonews #BukanBeritaBiasa . https://t.co/w6PSoiNDse;kontra
Ternyata Rizky Billar dan Lesti Sempat Berhubungan Intim Sebelum Heboh IsuÂ KDRT  https://t.co/C9lCxD72IS;pro
3 Pernyataan Pengacara Rizky Billar, Tepis Isu KDRT Lesti Kejora #NewsRCTIPlus @RCTIPlus  https://t.co/62daHmin9S;kontra
#LestyKejora #RizkyBillar #Selebriti |  Lesti Kejora telah melaporkan Rizky Billar ke pihak berwajib atas dugaan KDRT.   https://t.co/QFe1e54l2K;pro
Polisi Buka Suara soal Kemungkinan Jemput Paksa Rizky Billar  https://t.co/FY4WSL5Cq1;pro
Rizky Billar Telepon Dirinya Usai Hajar Lesti Kejora? Raffi Ahmad Keceplosan dan Akui Hal Ini: Besok Kita Dengerin  https://t.co/rbikWNyBeS;pro
 https://t.co/bmWaLcxFH0 Rizky Billar Kedapatan Beri Jempol Like Video Mesum Sepasang Kekasih - Makassar Terkini #viral #mesum #video October 11, 2022 at 09:11PM;kontra
Hubungan Lesti Kejora dan Rizky Billar belum sepenuhnya terputus.Keduanya dikabarkan masih menjalin  #berita #gosip   https://t.co/JXp8fNziob;pro
.. https://t.co/pzDEgtt4ri  detikcom mendapatkan video eksklusif momen Rizky Billar melemparkan bola biliar ke arah Lesti Kejora. Begini penjelasan polisi.;kontra
Sang Kakak Sebut Kondisi Rizky Billar Masih Syok  https://t.co/ScBiTN5ezF;pro
@FireHost77 Semoga bisa buat tmbah modal;pro
3 Rahasia Lesti Kejora dan Rizky Billar Akhirnya Dibongkar Inul Daratista #NewsRCTIPlus @RCTIPlus  https://t.co/pO3EfYg2Wc;pro
Viral! Beredar rekaman video CCTV saat Lesti Kejora tinggalkan rumah, jadi fakta baru kasus KDRT Rizky Billar? #LestiKejora #rizkybillar #lesti  https://t.co/mbDWMOXapS;pro
Lucinta Luna Pernah Dekat Rizky Billar? Ini Komentar IsaÂ Zega  https://t.co/qQp2runRMQ;kontra
detikcom mendapatkan video eksklusif momen Rizky Billar melemparkan bola biliar ke arah Lesti Kejora. Begini penjelasan polisi.  https://t.co/KeUrfnpuoN;kontra
Tanggapi Masalah Rizky Billar dan Lesti Kejora, Farhat Abbas Minta Persoalan KDRT Tidak Usah Dibesar-besarkan    https://t.co/Lkdp2ApWvz t: Rektor UGM #DisleslatatGrabFood Ade Armando I Windah #ibukotapindah Okky #SegeraTangkapLE Kevin Julio Mbappe yAuDaHðŸ¤· BiArðŸ«‚ AkU leslar;kontra
Trending! Senyum Lucinta Luna beri isyarat tentang kedekatan masalalu dengan Rizky Billar?  https://t.co/c1IHuJm6Ck;kontra
Siap dihujat! Ditengah dugaan KDRT Lesti Kejora, Aldi Taher justu beri saran Rizky Billar untuk poligami  https://t.co/aL8n8FlSc5;kontra
Penjaga Rumah Rizky Billar dan Lesti Kejora Mangkir dari Panggilan Polisi   https://t.co/4SawBbppvz;kontra
- Keberadaan Rizky Billar setelah dilaporkan ke polisi oleh Lesti Kejora atas dugaan Kekerasan Dala  #berita #gosip   https://t.co/rHeCoKx6MY;pro
Anak Buah Rudy Salim Diisukan Jadi Wanita Selingkuhan Rizky Billar, Puji Ganteng Walau Tahu Suami Orang  https://t.co/BEgXBt64jA;kontra
Jadi mulai mikir,, dahlah tunggu hasil saja.. Apakah memang ada bukti jelas si Rizky Billar KDRT.. We never know..;pro
Rizky Billar Kedapatan Beri Jempol Like Video Mesum Sepasang Kekasih: Akun Twitter Rizky Billar baru-baru ini kedapatan memberi jempol Like ke sebuah video yang memperlihatkan sepasangâ€¦  https://t.co/AIVLOUUPNK #News #rizkybillar #likevideomesum #rizkybillarlikevideomesum;kontra
Lucinta Luna Jawab Gosip Hubungan dengan Rizky Billar di Masa Lalu     https://t.co/W9O9rtUfwo;kontra
Selain Kasus KDRT Lesti Kejora, Rizky Billar Akan Diperiksa Polisi soal Dugaan Perselingkuhan    https://t.co/YdLcIt1hgw lewat @tribunpontianak;pro
@convomfs Lemme rephrase that 'Rizky Billar enggak masalah jika ditahan, asal jgn bercerai, dia mencintai harta &amp;kontra
Sebut Belum Terbukti, Keluarga Kecewa Rizky Billar Dipecat Program TV  https://t.co/PLpyspfOQS;pro
Iis Dahlia Minta Rizky Billar Datangi Psikiater Jika Ingin Pertahankan Lesti  https://t.co/cUJ7TNGyHO;pro
Lesti Kejora 'di-Smackdown' Rizky Billar, Sosok Ini Justru Salahkan Lesti: Makannya Bicara yang Sopan  https://t.co/Be5huXQfvJ;kontra
Imbas Isu KDRT, Pengacara Sebut Kondisi Rizky Billar Down: Cuma Mau Makan Mi Instan #RizkyBillar  https://t.co/xWSg7TL6Of &amp;kontra
Rizky Billar Diboikot KPI, Farhat Abbas: Lesti Kejora Juga Harus  Baca selengkapnya disini  https://t.co/yIJiLHpqh3  #mataindonesia #rizkybillar #kpi #farhatabbas;kontra
@convomfs Rizky Billar. B nya BACOT BAJINGAN;pro
